{"cameraMode":{"drawMode":0,"name":"Shaded","section":"Shading Mode"},"sceneLighting":true,"audioPlay":false,"sceneViewState":{"m_AlwaysRefresh":true,"showFog":true,"showSkybox":false,"showFlares":true,"showImageEffects":true,"showParticleSystems":true,"showVisualEffectGraphs":true,"m_FxEnabled":true},"in2DMode":false,"pivot":{"x":-0.04394775629043579,"y":-0.28093716502189639,"z":0.14046785235404969},"rotation":{"x":-0.08169881254434586,"y":0.8144047260284424,"z":-0.11834897845983505,"w":-0.5621991157531738},"size":0.7601613402366638,"orthographic":false}