{"cameraMode":{"drawMode":0,"name":"Shaded","section":"Shading Mode"},"sceneLighting":true,"audioPlay":false,"sceneViewState":{"m_AlwaysRefresh":true,"showFog":true,"showSkybox":false,"showFlares":true,"showImageEffects":true,"showParticleSystems":true,"showVisualEffectGraphs":true,"m_FxEnabled":true},"in2DMode":false,"pivot":{"x":0.12347453832626343,"y":0.007627524435520172,"z":0.039440929889678958},"rotation":{"x":0.0435049794614315,"y":-0.2779959738254547,"z":0.012603910639882088,"w":0.959513783454895},"size":0.49028250575065615,"orthographic":false}