{"cameraMode":{"drawMode":0,"name":"Shaded","section":"Shading Mode"},"sceneLighting":true,"audioPlay":false,"sceneViewState":{"m_AlwaysRefresh":false,"showFog":true,"showSkybox":false,"showFlares":true,"showImageEffects":true,"showParticleSystems":true,"showVisualEffectGraphs":true,"m_FxEnabled":true},"in2DMode":false,"pivot":{"x":-0.06784087419509888,"y":-0.11798949539661408,"z":0.06048893928527832},"rotation":{"x":-0.045687898993492129,"y":0.9162226319313049,"z":-0.1093711405992508,"w":-0.3827360272407532},"size":0.5162966847419739,"orthographic":false}