{"cameraMode":{"drawMode":0,"name":"Shaded","section":"Shading Mode"},"sceneLighting":false,"audioPlay":false,"sceneViewState":{"m_AlwaysRefresh":false,"showFog":true,"showSkybox":false,"showFlares":true,"showImageEffects":true,"showParticleSystems":true,"showVisualEffectGraphs":true,"m_FxEnabled":true},"in2DMode":false,"pivot":{"x":-0.6993963718414307,"y":1.1067556142807007,"z":-0.1603848934173584},"rotation":{"x":-0.010487521067261696,"y":0.922959566116333,"z":-0.025211937725543977,"w":-0.3839253783226013},"size":2.261312246322632,"orthographic":false}