{"cameraMode":{"drawMode":0,"name":"Shaded","section":"Shading Mode"},"sceneLighting":true,"audioPlay":false,"sceneViewState":{"m_AlwaysRefresh":false,"showFog":true,"showSkybox":false,"showFlares":true,"showImageEffects":true,"showParticleSystems":true,"showVisualEffectGraphs":true,"m_FxEnabled":true},"in2DMode":false,"pivot":{"x":-0.17174828052520753,"y":0.061736077070236209,"z":-0.03860735893249512},"rotation":{"x":-0.0035915314219892027,"y":0.9431325793266296,"z":-0.010195275768637658,"w":-0.3322408199310303},"size":0.5844224095344544,"orthographic":false}