{"cameraMode":{"drawMode":0,"name":"Shaded","section":"Shading Mode"},"sceneLighting":true,"audioPlay":false,"sceneViewState":{"m_AlwaysRefresh":false,"showFog":true,"showSkybox":false,"showFlares":true,"showImageEffects":true,"showParticleSystems":true,"showVisualEffectGraphs":true,"m_FxEnabled":true},"in2DMode":false,"pivot":{"x":1.314194679260254,"y":2.1655795574188234,"z":3.9110851287841799},"rotation":{"x":-0.05707870423793793,"y":0.9268749356269836,"z":-0.1574920117855072,"w":-0.3359207808971405},"size":0.09427838027477265,"orthographic":false}