{"cameraMode":{"drawMode":0,"name":"Shaded","section":"Shading Mode"},"sceneLighting":true,"audioPlay":false,"sceneViewState":{"m_AlwaysRefresh":true,"showFog":true,"showSkybox":false,"showFlares":true,"showImageEffects":true,"showParticleSystems":true,"showVisualEffectGraphs":true,"m_FxEnabled":true},"in2DMode":false,"pivot":{"x":0.001459658145904541,"y":-0.0496944934129715,"z":-0.005521535873413086},"rotation":{"x":0.06746134907007218,"y":-0.35695213079452517,"z":0.025855546817183496,"w":0.9313245415687561},"size":0.6918823719024658,"orthographic":false}