{"cameraMode":{"drawMode":0,"name":"Shaded","section":"Shading Mode"},"sceneLighting":true,"audioPlay":false,"sceneViewState":{"m_AlwaysRefresh":true,"showFog":true,"showSkybox":false,"showFlares":true,"showImageEffects":true,"showParticleSystems":true,"showVisualEffectGraphs":true,"m_FxEnabled":true},"in2DMode":false,"pivot":{"x":-0.004389762878417969,"y":-0.15292683243751527,"z":0.0609394907951355},"rotation":{"x":-0.08169881254434586,"y":0.8144047260284424,"z":-0.11834897845983505,"w":-0.5621991157531738},"size":0.7423229217529297,"orthographic":false}