{"cameraMode":{"drawMode":0,"name":"Shaded","section":"Shading Mode"},"sceneLighting":true,"audioPlay":false,"sceneViewState":{"m_AlwaysRefresh":true,"showFog":true,"showSkybox":false,"showFlares":true,"showImageEffects":true,"showParticleSystems":true,"showVisualEffectGraphs":true,"m_FxEnabled":true},"in2DMode":false,"pivot":{"x":-0.4450416564941406,"y":0.055555254220962527,"z":-0.09201192855834961},"rotation":{"x":-0.0294426791369915,"y":0.8177856802940369,"z":-0.041994813829660419,"w":-0.573254406452179},"size":1.3968693017959595,"orthographic":false}