{"cameraMode":{"drawMode":0,"name":"Shaded","section":"Shading Mode"},"sceneLighting":true,"audioPlay":false,"sceneViewState":{"m_AlwaysRefresh":true,"showFog":true,"showSkybox":false,"showFlares":true,"showImageEffects":true,"showParticleSystems":true,"showVisualEffectGraphs":true,"m_FxEnabled":true},"in2DMode":false,"pivot":{"x":-0.452862024307251,"y":-0.03633202612400055,"z":-0.043049126863479617},"rotation":{"x":-0.0294426791369915,"y":0.8177856802940369,"z":-0.041994813829660419,"w":-0.573254406452179},"size":0.6609654426574707,"orthographic":false}