{"cameraMode":{"drawMode":0,"name":"Shaded","section":"Shading Mode"},"sceneLighting":true,"audioPlay":false,"sceneViewState":{"m_AlwaysRefresh":true,"showFog":true,"showSkybox":false,"showFlares":true,"showImageEffects":true,"showParticleSystems":true,"showVisualEffectGraphs":true,"m_FxEnabled":true},"in2DMode":false,"pivot":{"x":-0.575448751449585,"y":0.015529938042163849,"z":0.12768027186393739},"rotation":{"x":-0.025087479501962663,"y":0.6927824020385742,"z":-0.02412201277911663,"w":-0.7203236222267151},"size":0.8783748745918274,"orthographic":false}