{"cameraMode":{"drawMode":0,"name":"Shaded","section":"Shading Mode"},"sceneLighting":true,"audioPlay":false,"sceneViewState":{"m_AlwaysRefresh":false,"showFog":true,"showSkybox":false,"showFlares":true,"showImageEffects":true,"showParticleSystems":true,"showVisualEffectGraphs":true,"m_FxEnabled":true},"in2DMode":false,"pivot":{"x":-0.1330203413963318,"y":-0.0528654009103775,"z":0.07942622900009155},"rotation":{"x":-0.033572226762771609,"y":0.9219443798065186,"z":-0.0820935070514679,"w":-0.3770304024219513},"size":0.6525941491127014,"orthographic":false}