{"cameraMode":{"drawMode":0,"name":"Shaded","section":"Shading Mode"},"sceneLighting":true,"audioPlay":false,"sceneViewState":{"m_AlwaysRefresh":false,"showFog":true,"showSkybox":false,"showFlares":true,"showImageEffects":true,"showParticleSystems":true,"showVisualEffectGraphs":true,"m_FxEnabled":true},"in2DMode":false,"pivot":{"x":-0.012678384780883789,"y":0.03035493940114975,"z":-0.12135285139083862},"rotation":{"x":-0.010496716015040875,"y":0.9376670718193054,"z":-0.02842908725142479,"w":-0.3462112843990326},"size":0.5204999446868897,"orthographic":false}