{"cameraMode":{"drawMode":0,"name":"Shaded","section":"Shading Mode"},"sceneLighting":false,"audioPlay":false,"sceneViewState":{"m_AlwaysRefresh":false,"showFog":true,"showSkybox":false,"showFlares":true,"showImageEffects":true,"showParticleSystems":true,"showVisualEffectGraphs":true,"m_FxEnabled":true},"in2DMode":false,"pivot":{"x":0.6569957733154297,"y":0.20134806632995606,"z":-0.32175493240356448},"rotation":{"x":-0.031661055982112887,"y":0.9643465876579285,"z":-0.1357104778289795,"w":-0.22498075664043427},"size":1.9958044290542603,"orthographic":false}