{"cameraMode":{"drawMode":0,"name":"Shaded","section":"Shading Mode"},"sceneLighting":true,"audioPlay":false,"sceneViewState":{"m_AlwaysRefresh":true,"showFog":true,"showSkybox":false,"showFlares":true,"showImageEffects":true,"showParticleSystems":true,"showVisualEffectGraphs":true,"m_FxEnabled":true},"in2DMode":false,"pivot":{"x":-0.29250282049179079,"y":0.13082946836948396,"z":0.04061657935380936},"rotation":{"x":0.040791433304548267,"y":0.6929320693016052,"z":0.0393243171274662,"w":-0.718770444393158},"size":0.6508962512016296,"orthographic":false}